frame_time_s,f_hz,A_total_rms,B_residual_rms,thd_n_residual_over_total
5.999999999999999778e-01,2.300000000000000000e+01,4.083092091272475955e+04,1.541445900072695395e+03,3.775192588400109323e-02
6.999999999999999556e-01,2.400000000000000000e+01,4.154178564953128807e+04,1.495986583478307693e+03,3.601160999912835642e-02
7.999999999999999334e-01,2.400000000000000000e+01,4.167390446411770972e+04,1.444149558109891359e+03,3.465356982217351195e-02
8.999999999999999112e-01,2.500000000000000000e+01,4.167781562202302302e+04,1.418676146838544128e+03,3.403911950915440576e-02
9.999999999999998890e-01,2.500000000000000000e+01,4.168103483435491944e+04,1.422066568215818279e+03,3.411783257942777731e-02
1.099999999999999867e+00,2.600000000000000000e+01,4.169126781600990944e+04,1.463808016530714440e+03,3.511066209333638805e-02
1.199999999999999956e+00,2.600000000000000000e+01,4.169792266370337165e+04,1.528149981390504308e+03,3.664810819750277671e-02
1.299999999999999822e+00,2.700000000000000000e+01,4.169340599238144205e+04,1.574986829390650655e+03,3.777544174919278408e-02
1.399999999999999911e+00,2.800000000000000000e+01,4.168132032318507845e+04,1.585643449568626693e+03,3.804206386155715297e-02
1.499999999999999778e+00,2.800000000000000000e+01,4.167049174810237309e+04,1.557462421693500119e+03,3.737566696136782052e-02
1.599999999999999867e+00,2.900000000000000000e+01,4.166688882744715374e+04,1.505256299203868139e+03,3.612595856238523528e-02
1.699999999999999956e+00,3.000000000000000000e+01,4.167054233758094051e+04,1.455130560712038687e+03,3.491988534547381395e-02
1.799999999999999822e+00,3.000000000000000000e+01,4.167660639196954435e+04,1.422022505205377001e+03,3.412040058711160451e-02
1.899999999999999911e+00,3.100000000000000000e+01,4.167898035782111401e+04,1.411364318571933836e+03,3.386273623910978497e-02
1.999999999999999778e+00,3.200000000000000000e+01,4.167549979023858032e+04,1.423381112022773323e+03,3.415390623236542328e-02
2.099999999999999645e+00,3.200000000000000000e+01,4.167053413685596024e+04,1.450612064584967356e+03,3.481145837537891197e-02
2.199999999999999734e+00,3.300000000000000000e+01,4.166891580779934156e+04,1.478899734604498462e+03,3.549167781148956230e-02
2.299999999999999822e+00,3.400000000000000000e+01,4.167026840420815279e+04,1.502400105003226599e+03,3.605448590898693850e-02
2.399999999999999911e+00,3.500000000000000000e+01,4.167180410186994413e+04,1.527974286296201626e+03,3.666686190405749057e-02
2.500000000000000000e+00,3.600000000000000000e+01,4.167248611741571949e+04,1.560343512484272878e+03,3.744301475289653347e-02
2.599999999999999645e+00,3.600000000000000000e+01,4.167355059095264733e+04,1.586791597197268402e+03,3.807670752061528829e-02
2.699999999999999734e+00,3.700000000000000000e+01,4.167549469031227636e+04,1.587437730891303318e+03,3.809043522308357826e-02
2.799999999999999822e+00,3.800000000000000000e+01,4.167795298630965408e+04,1.568978732543837168e+03,3.764529253774085565e-02
2.899999999999999911e+00,3.900000000000000000e+01,4.168047247124495334e+04,1.544455908040426038e+03,3.705466412613087762e-02
2.999999999999999556e+00,4.000000000000000000e+01,4.168407873877363454e+04,1.524404660244080105e+03,3.657042943895295189e-02
3.099999999999999645e+00,4.100000000000000000e+01,4.168774818741306808e+04,1.515983959086565619e+03,3.636521580084510485e-02
3.199999999999999734e+00,4.200000000000000000e+01,4.168812727080511831e+04,1.526228446483723019e+03,3.661062624783737590e-02
3.299999999999999822e+00,4.300000000000000000e+01,4.168344438927862211e+04,1.549460903946939879e+03,3.717209378084590510e-02
3.399999999999999911e+00,4.400000000000000000e+01,4.167589712449340004e+04,1.565729706678374441e+03,3.756919022045904222e-02
3.499999999999999556e+00,4.500000000000000000e+01,4.167059706929558888e+04,1.553122668461404601e+03,3.727142824180462721e-02
3.599999999999999645e+00,4.600000000000000000e+01,4.167166574692650465e+04,1.523433301584677110e+03,3.655801308343518963e-02
3.699999999999999734e+00,4.700000000000000000e+01,4.167543023971260118e+04,1.498524588542257106e+03,3.595702743613934244e-02
3.799999999999999822e+00,4.800000000000000000e+01,4.167336219408000761e+04,1.479921461659173247e+03,3.551240849650970366e-02
3.899999999999999467e+00,4.900000000000000000e+01,4.166544246742493124e+04,1.462744858162129731e+03,3.510690806429667826e-02
3.999999999999999556e+00,5.000000000000000000e+01,4.165936498181141360e+04,1.450217257892525367e+03,3.481131453937653247e-02
4.099999999999999645e+00,5.100000000000000000e+01,4.166094909507601551e+04,1.458620900677182362e+03,3.501170598270358231e-02
4.199999999999999289e+00,5.300000000000000000e+01,4.166754093626761460e+04,1.482455280147080884e+03,3.557818020541608783e-02
4.299999999999999822e+00,5.400000000000000000e+01,4.167259493217167619e+04,1.490060985684486695e+03,3.575637629741516832e-02
4.399999999999999467e+00,5.500000000000000000e+01,4.167234443954248127e+04,1.459527415800584095e+03,3.502388539521795324e-02
4.500000000000000000e+00,5.600000000000000000e+01,4.166803319166672009e+04,1.419477451361226713e+03,3.406634157249138067e-02
4.599999999999999645e+00,5.800000000000000000e+01,4.166284603912589955e+04,1.405276510575103430e+03,3.372972910336940328e-02
4.699999999999999289e+00,5.900000000000000000e+01,4.165962659686974803e+04,1.414434775831128945e+03,3.395217123567324108e-02
4.799999999999999822e+00,6.000000000000000000e+01,4.165967563404982502e+04,1.418587822559133201e+03,3.405182111882970597e-02
4.899999999999999467e+00,6.200000000000000000e+01,4.166093279600035021e+04,1.409673534711383809e+03,3.383682121603189680e-02
5.000000000000000000e+00,6.300000000000000000e+01,4.166110814338991622e+04,1.409462258088882663e+03,3.383160748479784041e-02
5.099999999999999645e+00,6.500000000000000000e+01,4.166014186556782806e+04,1.427674926285647416e+03,3.426956468109444709e-02
5.199999999999999289e+00,6.600000000000000000e+01,4.166048983697616495e+04,1.446841923150795537e+03,3.472935457102180323e-02
5.299999999999999822e+00,6.800000000000000000e+01,4.166343728958607244e+04,1.459459877387743745e+03,3.502975203998689308e-02
5.399999999999999467e+00,6.900000000000000000e+01,4.166752255701826653e+04,1.466335146509441074e+03,3.519132063834352203e-02
5.499999999999999112e+00,7.100000000000000000e+01,4.167033774890327186e+04,1.461190945938930099e+03,3.506549322311137973e-02
5.599999999999999645e+00,7.300000000000000000e+01,4.167058526899530989e+04,1.429300159732432121e+03,3.429997804220648316e-02
5.699999999999999289e+00,7.400000000000000000e+01,4.166955362744313607e+04,1.392130560347369055e+03,3.340881864956014857e-02
5.799999999999999822e+00,7.600000000000000000e+01,4.166956540729010158e+04,1.392496445246655185e+03,3.341758983171534692e-02
5.899999999999999467e+00,7.800000000000000000e+01,4.167199355163324799e+04,1.451621130738295278e+03,3.483445371865109830e-02
5.999999999999999112e+00,8.000000000000000000e+01,4.167520666828735557e+04,1.545831040487602650e+03,3.709234252373603408e-02
6.099999999999999645e+00,8.100000000000000000e+01,4.167691382775664533e+04,1.629748852396786788e+03,3.910435545041199973e-02
6.199999999999999289e+00,8.300000000000000000e+01,4.167785065270283667e+04,1.655955949289501405e+03,3.973227801712734403e-02
6.299999999999999822e+00,8.500000000000000000e+01,4.168090917359794548e+04,1.601035745013056385e+03,3.841172797706641356e-02
6.399999999999999467e+00,8.700000000000000000e+01,4.168591806965102296e+04,1.500310990304034021e+03,3.599083478975407396e-02
6.499999999999999112e+00,8.900000000000000000e+01,4.168790068435564899e+04,1.419695103742591300e+03,3.405532733566899589e-02
6.599999999999999645e+00,9.100000000000000000e+01,4.168358920409269194e+04,1.413570224197417929e+03,3.391191236618910920e-02
6.699999999999999289e+00,9.300000000000000000e+01,4.167575468681148050e+04,1.454200705818596589e+03,3.489320629576472821e-02
6.799999999999999822e+00,9.600000000000000000e+01,4.166864320238165965e+04,1.477489882830241868e+03,3.545807516827888251e-02
6.899999999999999467e+00,9.800000000000000000e+01,4.166315697998036194e+04,1.468405731103734752e+03,3.524470629552439033e-02
6.999999999999999112e+00,1.000000000000000000e+02,4.165913644467540871e+04,1.450800075787284186e+03,3.482549566801487750e-02
7.099999999999999645e+00,1.020000000000000000e+02,4.165760916423518938e+04,1.439628259634654341e+03,3.455859057966859799e-02
7.199999999999999289e+00,1.050000000000000000e+02,4.165858849498479685e+04,1.436700805929809349e+03,3.448750564611115232e-02
7.299999999999999822e+00,1.070000000000000000e+02,4.165995492291249684e+04,1.436740158889871964e+03,3.448731909452166372e-02
7.399999999999999467e+00,1.100000000000000000e+02,4.166100323323538032e+04,1.439721835188925752e+03,3.455802125380352807e-02
7.499999999999999112e+00,1.120000000000000000e+02,4.166336778326390049e+04,1.450359716453024475e+03,3.481138932401982300e-02
7.599999999999999645e+00,1.150000000000000000e+02,4.166783219448097225e+04,1.460176927490520029e+03,3.504326600614286052e-02
7.699999999999999289e+00,1.180000000000000000e+02,4.167258099220348959e+04,1.457702943120513510e+03,3.497990545373790700e-02
7.799999999999998934e+00,1.200000000000000000e+02,4.167564134625555744e+04,1.445065259767996622e+03,3.467409770042643308e-02
7.899999999999999467e+00,1.230000000000000000e+02,4.167668711231816997e+04,1.436484738903788866e+03,3.446734465799740355e-02
7.999999999999999112e+00,1.260000000000000000e+02,4.167710669887671247e+04,1.449988292586719808e+03,3.479100176178497039e-02
8.099999999999999645e+00,1.290000000000000000e+02,4.167798175448148686e+04,1.492089082766894535e+03,3.580041594999871374e-02
8.199999999999999289e+00,1.320000000000000000e+02,4.167934221981792507e+04,1.543309639185468995e+03,3.702816688051395466e-02
8.299999999999998934e+00,1.350000000000000000e+02,4.167993400323305832e+04,1.569620878165514341e+03,3.765890987360395042e-02
8.399999999999998579e+00,1.380000000000000000e+02,4.167892893602558615e+04,1.545702716936152001e+03,3.708595101636857905e-02
8.500000000000000000e+00,1.410000000000000000e+02,4.167804766858190123e+04,1.480445616461629243e+03,3.552099244748527923e-02
8.599999999999999645e+00,1.450000000000000000e+02,4.167849814069047716e+04,1.414233369987588048e+03,3.393196571559953245e-02
8.699999999999999289e+00,1.480000000000000000e+02,4.167789524529166374e+04,1.373177239675834244e+03,3.294737489967086708e-02
8.799999999999998934e+00,1.510000000000000000e+02,4.167315066973463399e+04,1.345961823321197016e+03,3.229805766278932844e-02
8.899999999999998579e+00,1.550000000000000000e+02,4.166555687915262388e+04,1.306442206156764541e+03,3.135544809699743196e-02
9.000000000000000000e+00,1.590000000000000000e+02,4.166015753931771178e+04,1.267336151534151213e+03,3.042081994860615021e-02
9.099999999999999645e+00,1.620000000000000000e+02,4.165942143916265195e+04,1.259456502412203690e+03,3.023221300016015398e-02
9.199999999999999289e+00,1.660000000000000000e+02,4.166019120627516531e+04,1.287515300139058581e+03,3.090517020827123623e-02
9.299999999999998934e+00,1.700000000000000000e+02,4.165898686019365414e+04,1.334049590800524811e+03,3.202309252689116564e-02
9.399999999999998579e+00,1.740000000000000000e+02,4.165651106708955922e+04,1.379629060369403305e+03,3.311916972949205396e-02
9.500000000000000000e+00,1.780000000000000000e+02,4.165657223360371427e+04,1.423432468365466093e+03,3.417065764276219081e-02
9.599999999999999645e+00,1.820000000000000000e+02,4.166192498368087399e+04,1.461376708798847631e+03,3.507703279124222556e-02
9.699999999999999289e+00,1.860000000000000000e+02,4.167021725915536081e+04,1.478008343477305971e+03,3.546917776514767195e-02
9.799999999999998934e+00,1.910000000000000000e+02,4.167570252860895562e+04,1.460108810608867543e+03,3.503501373747814479e-02
9.899999999999998579e+00,1.950000000000000000e+02,4.167540384690544306e+04,1.424185031942305386e+03,3.417327489312516065e-02
1.000000000000000000e+01,2.000000000000000000e+02,4.167094365284401283e+04,1.401937637328588380e+03,3.364304991525928629e-02
1.009999999999999964e+01,2.040000000000000000e+02,4.166602579543281900e+04,1.410267499392710761e+03,3.384694058215880624e-02
1.019999999999999929e+01,2.090000000000000000e+02,4.166233688120227453e+04,1.429287307987999611e+03,3.430646034243180209e-02
1.029999999999999893e+01,2.140000000000000000e+02,4.165975398905864859e+04,1.425239019187726399e+03,3.421141227963193227e-02
1.039999999999999858e+01,2.190000000000000000e+02,4.165940934251194994e+04,1.400592964262610167e+03,3.362008694716069057e-02
1.050000000000000000e+01,2.240000000000000000e+02,4.166277312017470103e+04,1.380993807358690219e+03,3.314694879707756614e-02
1.059999999999999964e+01,2.290000000000000000e+02,4.166835264333381201e+04,1.384076392078936351e+03,3.321648935647000811e-02
1.069999999999999929e+01,2.350000000000000000e+02,4.167315627948372276e+04,1.399359891969097134e+03,3.357940739079610937e-02
1.079999999999999893e+01,2.400000000000000000e+02,4.167623598851498537e+04,1.402520413618540715e+03,3.365276110839383883e-02
1.089999999999999858e+01,2.460000000000000000e+02,4.167783381824852404e+04,1.382223332495410205e+03,3.316447151555673017e-02
1.099999999999999822e+01,2.520000000000000000e+02,4.167744466931292845e+04,1.350693524074103607e+03,3.240826146591031798e-02
1.109999999999999964e+01,2.570000000000000000e+02,4.167491187051148881e+04,1.337294108905687835e+03,3.208870874306361809e-02
1.119999999999999929e+01,2.630000000000000000e+02,4.167172531020398310e+04,1.353838262188040062e+03,3.248817398631995840e-02
1.129999999999999893e+01,2.700000000000000000e+02,4.166986872497392324e+04,1.373905767727961120e+03,3.297120460820028576e-02
1.139999999999999858e+01,2.760000000000000000e+02,4.167047459310701379e+04,1.367369634032653039e+03,3.281387234929257490e-02
1.149999999999999822e+01,2.820000000000000000e+02,4.167350444748624432e+04,1.343789475062543488e+03,3.224565567208018124e-02
1.159999999999999964e+01,2.890000000000000000e+02,4.167741438812042907e+04,1.335188075169565991e+03,3.203625020342295432e-02
1.169999999999999929e+01,2.950000000000000000e+02,4.167921412177533057e+04,1.343688774155733881e+03,3.223882221554947441e-02
1.179999999999999893e+01,3.020000000000000000e+02,4.167740784384028666e+04,1.356884045004423797e+03,3.255682431327035220e-02
1.189999999999999858e+01,3.090000000000000000e+02,4.167366970017095446e+04,1.376179876748950619e+03,3.302276681295732152e-02
1.199999999999999822e+01,3.170000000000000000e+02,4.167001790591150348e+04,1.399901823673527815e+03,3.359494173567252606e-02
1.209999999999999964e+01,3.240000000000000000e+02,4.166582213742558815e+04,1.400875397383152404e+03,3.362169100522417742e-02
1.219999999999999929e+01,3.310000000000000000e+02,4.166043022180203116e+04,1.357737651449673422e+03,3.259058161956120830e-02
1.229999999999999893e+01,3.390000000000000000e+02,4.165633986826502951e+04,1.287119004714885250e+03,3.089851409858139497e-02
1.239999999999999858e+01,3.470000000000000000e+02,4.165703771548985242e+04,1.237047437322152291e+03,2.969600108800260832e-02
1.249999999999999822e+01,3.550000000000000000e+02,4.166215575694046129e+04,1.236663949647171876e+03,2.968314834359374668e-02
1.259999999999999964e+01,3.630000000000000000e+02,4.166701502133961912e+04,1.263893900416013139e+03,3.033320000889706824e-02
1.269999999999999929e+01,3.720000000000000000e+02,4.166808456986264355e+04,1.286324639231976562e+03,3.087074082023772911e-02
1.279999999999999893e+01,3.810000000000000000e+02,4.166664174698224087e+04,1.297447521870614992e+03,3.113875914812799447e-02
1.289999999999999858e+01,3.900000000000000000e+02,4.166620180756162154e+04,1.306851542469590186e+03,3.136478694423309316e-02
1.299999999999999822e+01,3.990000000000000000e+02,4.166833177364430594e+04,1.324052185658113331e+03,3.177598260594611396e-02
1.309999999999999964e+01,4.080000000000000000e+02,4.167112133617774089e+04,1.346958649885268869e+03,3.232355181946773570e-02
1.319999999999999929e+01,4.170000000000000000e+02,4.167163505817796977e+04,1.360466070735884159e+03,3.264729278888459790e-02
1.329999999999999893e+01,4.270000000000000000e+02,4.166957004540139314e+04,1.364970937397175248e+03,3.275701995268875955e-02
1.339999999999999858e+01,4.370000000000000000e+02,4.166658492789002776e+04,1.366834236425454719e+03,3.280408602699156490e-02
1.349999999999999822e+01,4.470000000000000000e+02,4.166408844795768528e+04,1.360616158651486330e+03,3.265680852110858234e-02
1.359999999999999964e+01,4.580000000000000000e+02,4.166229308958633192e+04,1.342092733899799214e+03,3.221360694222712151e-02
1.369999999999999929e+01,4.680000000000000000e+02,4.166101345656702324e+04,1.318662148914341287e+03,3.165218604893253046e-02
1.379999999999999893e+01,4.790000000000000000e+02,4.166100220651140262e+04,1.306759421524707705e+03,3.136649029822109747e-02
1.389999999999999858e+01,4.900000000000000000e+02,4.166296210282282846e+04,1.309483205887316672e+03,3.143039140269371368e-02
1.399999999999999822e+01,5.020000000000000000e+02,4.166573839223315008e+04,1.317043927498428502e+03,3.160975848069781657e-02
1.409999999999999964e+01,5.140000000000000000e+02,4.166719455429049412e+04,1.327718813679464120e+03,3.186484782289591977e-02
1.419999999999999929e+01,5.250000000000000000e+02,4.166634322233858256e+04,1.347174899004828831e+03,3.233244856204630507e-02
1.429999999999999893e+01,5.380000000000000000e+02,4.166475474687574024e+04,1.373041494775482761e+03,3.295450802763794790e-02
1.439999999999999858e+01,5.500000000000000000e+02,4.166524371533470548e+04,1.381867571843911264e+03,3.316595436918855916e-02
1.449999999999999822e+01,5.620000000000000000e+02,4.166870467996761727e+04,1.358111426382725085e+03,3.259308003005051413e-02
1.459999999999999964e+01,5.760000000000000000e+02,4.167320442983993416e+04,1.309744905657968729e+03,3.142894633560099071e-02
1.469999999999999929e+01,5.890000000000000000e+02,4.167618354682536301e+04,1.264756901912448029e+03,3.034723418211813378e-02
1.479999999999999893e+01,6.030000000000000000e+02,4.167681294312311366e+04,1.257931034280725044e+03,3.018299494247412423e-02
1.489999999999999858e+01,6.170000000000000000e+02,4.167605407997533621e+04,1.294433994826160188e+03,3.105941825351730273e-02
1.499999999999999822e+01,6.310000000000000000e+02,4.167479977125357982e+04,1.337047348719893762e+03,3.208287396841103672e-02
1.509999999999999787e+01,6.470000000000000000e+02,4.167335155707318336e+04,1.352534922290003124e+03,3.245563103888240986e-02
1.519999999999999929e+01,6.610000000000000000e+02,4.167220786599267012e+04,1.341499365580268204e+03,3.219170363841034055e-02
1.529999999999999893e+01,6.770000000000000000e+02,4.167175496074416878e+04,1.318655729996131868e+03,3.164387319992494757e-02
1.539999999999999858e+01,6.920000000000000000e+02,4.167176265912317467e+04,1.296791266745812436e+03,3.111918440680374459e-02
1.549999999999999822e+01,7.080000000000000000e+02,4.167175497099457425e+04,1.281770598117656846e+03,3.075873811913674288e-02
1.559999999999999787e+01,7.260000000000000000e+02,4.167170553920859675e+04,1.283265055527667300e+03,3.079463724661455834e-02
1.569999999999999929e+01,7.420000000000000000e+02,4.167203195215484448e+04,1.313233765486195125e+03,3.151355247073062832e-02
1.579999999999999893e+01,7.590000000000000000e+02,4.167252720146394859e+04,1.350590216358365069e+03,3.240960668953427742e-02
1.589999999999999858e+01,7.770000000000000000e+02,4.167248984546881547e+04,1.352601698708907406e+03,3.245790457264891016e-02
1.599999999999999822e+01,7.940000000000000000e+02,4.167217664269220404e+04,1.317795129035727541e+03,3.162290130258461895e-02
1.609999999999999787e+01,8.140000000000000000e+02,4.167250049028520880e+04,1.296718154819415076e+03,3.111687898646036537e-02
1.619999999999999929e+01,8.330000000000000000e+02,4.167321560832415707e+04,1.322392625423775144e+03,3.173243547732441938e-02
1.629999999999999716e+01,8.520000000000000000e+02,4.167299151051371155e+04,1.365439327648243079e+03,3.276557017280017775e-02
1.639999999999999858e+01,8.710000000000000000e+02,4.167127248831795441e+04,1.377831940560417934e+03,3.306431165371004344e-02
1.650000000000000000e+01,8.910000000000000000e+02,4.166914645482500055e+04,1.348799169063296631e+03,3.236925360411636171e-02
1.659999999999999787e+01,9.120000000000000000e+02,4.166769959595205728e+04,1.300648331289693260e+03,3.121478612695117311e-02
1.669999999999999929e+01,9.360000000000000000e+02,4.166660137916012900e+04,1.262455506366782856e+03,3.029897962827872090e-02
1.679999999999999716e+01,9.560000000000000000e+02,4.166490664546071639e+04,1.247316466662546418e+03,2.993685974809302125e-02
1.689999999999999858e+01,9.770000000000000000e+02,4.166302876766335976e+04,1.261621094540095783e+03,3.028155013826789796e-02
1.700000000000000000e+01,1.001000000000000000e+03,4.166218748373551352e+04,1.293864964864517333e+03,3.105609769937377543e-02
1.709999999999999787e+01,1.023000000000000000e+03,4.166253977167252742e+04,1.312858264420201749e+03,3.151171943945791504e-02
1.719999999999999929e+01,1.047000000000000000e+03,4.166347849059812143e+04,1.306586874193287258e+03,3.136048456655232686e-02
1.729999999999999716e+01,1.071000000000000000e+03,4.166474193481486873e+04,1.293487429509366848e+03,3.104513239354867241e-02
1.739999999999999858e+01,1.096000000000000000e+03,4.166671982237420889e+04,1.296142414847453210e+03,3.110737827150603443e-02
1.750000000000000000e+01,1.125000000000000000e+03,4.166929559529644030e+04,1.315461108772070475e+03,3.156907478226143871e-02
1.759999999999999787e+01,1.149000000000000000e+03,4.167116653425302502e+04,1.333750261443810359e+03,3.200654966900168957e-02
1.769999999999999929e+01,1.177000000000000000e+03,4.167142327934073546e+04,1.333143766966246631e+03,3.199179826495567730e-02
1.779999999999999716e+01,1.205000000000000000e+03,4.167036206042140111e+04,1.310966903113927629e+03,3.146041546778607922e-02
1.789999999999999858e+01,1.231000000000000000e+03,4.166876001215032011e+04,1.274685560084773897e+03,3.059091654546678210e-02
1.800000000000000000e+01,1.257000000000000000e+03,4.166775651511016622e+04,1.244941978327943161e+03,2.987782598461916767e-02
1.809999999999999787e+01,1.290000000000000000e+03,4.166826783812062786e+04,1.245520721098637296e+03,2.989134863818745935e-02
1.819999999999999929e+01,1.318000000000000000e+03,4.166973007138577668e+04,1.275558996462511232e+03,3.061116532978037930e-02
1.829999999999999716e+01,1.352000000000000000e+03,4.167004984166932263e+04,1.303962050566710332e+03,3.129254837758247559e-02
1.839999999999999858e+01,1.382000000000000000e+03,4.166815124047813151e+04,1.314228873353767995e+03,3.154036918434414971e-02
1.850000000000000000e+01,1.415000000000000000e+03,4.166578786698547628e+04,1.312066649862206987e+03,3.149026376390311882e-02
1.859999999999999787e+01,1.447000000000000000e+03,4.166591739210041851e+04,1.318923862006218087e+03,3.165474192238180301e-02
1.869999999999999929e+01,1.481000000000000000e+03,4.166890804986686999e+04,1.352425178515009975e+03,3.245645834770875121e-02
1.879999999999999716e+01,1.514000000000000000e+03,4.167196820890725212e+04,1.399389681817660630e+03,3.358107960733530684e-02
1.889999999999999858e+01,1.551000000000000000e+03,4.167261619929302833e+04,1.426819640711079046e+03,3.423878246298548561e-02
1.900000000000000000e+01,1.586000000000000000e+03,4.167130577738148713e+04,1.423214159920534485e+03,3.415333725138587628e-02
1.909999999999999787e+01,1.623000000000000000e+03,4.166991639528048108e+04,1.400951392626631332e+03,3.362021126553790124e-02
1.919999999999999929e+01,1.663000000000000000e+03,4.166951459786156192e+04,1.377726862449876307e+03,3.306318481858629144e-02
1.929999999999999716e+01,1.702000000000000000e+03,4.166988742423241638e+04,1.359940616767520623e+03,3.263605209493967291e-02
1.939999999999999858e+01,1.743000000000000000e+03,4.167022040336254577e+04,1.342199393100573388e+03,3.221003825053600500e-02
1.950000000000000000e+01,1.779000000000000000e+03,4.167014466067699686e+04,1.331140329731981410e+03,3.194470143004190382e-02
1.959999999999999787e+01,1.822000000000000000e+03,4.166991317118251027e+04,1.342254700599413127e+03,3.221160301163455975e-02
1.969999999999999929e+01,1.865000000000000000e+03,4.166953461837375653e+04,1.364323707098739305e+03,3.274151534433395599e-02
1.979999999999999716e+01,1.906000000000000000e+03,4.166910838505951688e+04,1.374566426182678697e+03,3.298766111049139527e-02
1.989999999999999858e+01,1.950000000000000000e+03,4.166896422388515930e+04,1.365668576708465480e+03,3.277423862447839675e-02
2.000000000000000000e+01,1.999000000000000000e+03,4.166906891231342161e+04,1.343592824010934692e+03,3.224436876279460767e-02
2.009999999999999787e+01,2.041000000000000000e+03,4.166909052762910142e+04,1.319649271693387846e+03,3.166974020751379959e-02
2.019999999999999929e+01,2.093000000000000000e+03,4.166835273187748680e+04,1.302175694332711146e+03,3.125095207655063934e-02
2.029999999999999716e+01,2.139000000000000000e+03,4.166649140474823071e+04,1.293301931184795194e+03,3.103937690893294327e-02
2.039999999999999858e+01,2.194000000000000000e+03,4.166429295698645001e+04,1.292109844019821139e+03,3.101240300306487216e-02
2.050000000000000000e+01,2.245000000000000000e+03,4.166315297710093000e+04,1.297882993820364391e+03,3.115181883938817828e-02
2.059999999999999787e+01,2.292000000000000000e+03,4.166381183782160952e+04,1.310478332431879608e+03,3.145363505223620904e-02
2.069999999999999929e+01,2.346000000000000000e+03,4.166605785160440428e+04,1.334324029685574942e+03,3.202424463667361693e-02
2.079999999999999716e+01,2.401000000000000000e+03,4.166874439909129433e+04,1.360842573734005100e+03,3.265859322998180408e-02
2.089999999999999858e+01,2.457000000000000000e+03,4.167084831564065826e+04,1.380768841373793066e+03,3.313512676571880172e-02
2.100000000000000000e+01,2.514000000000000000e+03,4.167201393719621410e+04,1.390558733495664683e+03,3.336912719388537840e-02
2.109999999999999787e+01,2.574000000000000000e+03,4.167210405616281787e+04,1.388789825661533996e+03,3.332660678207699512e-02
2.119999999999999929e+01,2.632000000000000000e+03,4.167129514928129356e+04,1.375776998956746183e+03,3.301498055263766412e-02
2.129999999999999716e+01,2.695000000000000000e+03,4.167026756897140149e+04,1.358031098627962820e+03,3.258992989138333879e-02
2.139999999999999858e+01,2.760000000000000000e+03,4.166952836112105433e+04,1.338972894626773723e+03,3.213314254538279097e-02
2.149999999999999645e+01,2.821000000000000000e+03,4.166908333537934232e+04,1.318380494664168964e+03,3.163929679117254146e-02
2.159999999999999787e+01,2.887000000000000000e+03,4.166868717767766793e+04,1.299104370665751276e+03,3.117699305299194770e-02
2.169999999999999929e+01,2.958000000000000000e+03,4.166854706962017372e+04,1.292776094384606495e+03,3.102522610698724148e-02
2.179999999999999716e+01,3.017000000000000000e+03,4.166941486182143126e+04,1.311709578441268604e+03,3.147895363520187423e-02
2.189999999999999858e+01,3.091000000000000000e+03,4.167145206081317883e+04,1.350079941967781224e+03,3.239819769173254982e-02
2.199999999999999645e+01,3.166000000000000000e+03,4.167306607098574750e+04,1.378821667829001399e+03,3.308663839325672734e-02
2.209999999999999787e+01,3.242000000000000000e+03,4.167213515365924832e+04,1.371631356270177548e+03,3.291483268645845062e-02
2.219999999999999929e+01,3.314000000000000000e+03,4.166862022297421208e+04,1.335722124098798758e+03,3.205582802961019079e-02
2.229999999999999716e+01,3.393000000000000000e+03,4.166544023190290318e+04,1.316604183975857495e+03,3.159943052678329534e-02
2.239999999999999858e+01,3.468000000000000000e+03,4.166543779178518162e+04,1.348449094472529850e+03,3.236373277081926875e-02
2.249999999999999645e+01,3.554000000000000000e+03,4.166820446846638515e+04,1.402000580185061608e+03,3.364677211484037173e-02
2.259999999999999787e+01,3.635000000000000000e+03,4.167102751213125157e+04,1.423020415458454863e+03,3.414891593551865057e-02
2.269999999999999929e+01,3.718000000000000000e+03,4.167202743027537508e+04,1.394038607176295727e+03,3.345262261378492696e-02
2.279999999999999716e+01,3.798000000000000000e+03,4.167139111342191609e+04,1.344278341162659444e+03,3.225902244309001438e-02
2.289999999999999858e+01,3.895000000000000000e+03,4.167046419886234798e+04,1.320196288585727416e+03,3.168182342019051217e-02
2.299999999999999645e+01,3.979000000000000000e+03,4.167042514975686208e+04,1.343576181042594726e+03,3.224291991775932870e-02
2.309999999999999787e+01,4.076000000000000000e+03,4.167155862253740634e+04,1.396606228560701084e+03,3.351461463707691713e-02
2.319999999999999929e+01,4.175000000000000000e+03,4.167320739113945456e+04,1.448222196805483009e+03,3.475187746440182995e-02
2.329999999999999716e+01,4.269000000000000000e+03,4.167440100347701082e+04,1.480025571218775667e+03,3.551402145156910828e-02
2.339999999999999858e+01,4.365000000000000000e+03,4.167475123497254390e+04,1.483858962310441029e+03,3.560570653305349109e-02
2.349999999999999645e+01,4.468000000000000000e+03,4.167472185403751791e+04,1.469288759453515013e+03,3.525611435631376134e-02
2.359999999999999787e+01,4.572000000000000000e+03,4.167444216034722922e+04,1.448854951806411918e+03,3.476603109003295611e-02
2.369999999999999929e+01,4.681000000000000000e+03,4.167324647309469583e+04,1.421622300568020819e+03,3.411354816058922296e-02
2.379999999999999716e+01,4.787000000000000000e+03,4.167121562929196807e+04,1.394099136475977730e+03,3.345472685217330128e-02
2.389999999999999858e+01,4.904000000000000000e+03,4.166939971091831831e+04,1.378688253882573235e+03,3.308634785831401914e-02
2.399999999999999645e+01,5.021000000000000000e+03,4.166862904217899631e+04,1.375912359607183134e+03,3.302034147114411150e-02
2.409999999999999787e+01,5.140000000000000000e+03,4.166867852877195401e+04,1.371113087173697295e+03,3.290512527837791829e-02
2.419999999999999929e+01,5.250000000000000000e+03,4.166870901596353360e+04,1.347495260392877299e+03,3.233830114287063184e-02
2.429999999999999716e+01,5.382000000000000000e+03,4.166825432978346362e+04,1.301736456562498461e+03,3.124048457273739463e-02
2.439999999999999858e+01,5.508000000000000000e+03,4.166780572507617035e+04,1.261847881425497462e+03,3.028352128142190042e-02
2.449999999999999645e+01,5.638000000000000000e+03,4.166775906958574342e+04,1.252749887192545657e+03,3.006520905288992754e-02
2.459999999999999787e+01,5.766000000000000000e+03,4.166791761863667489e+04,1.268518759613277325e+03,3.044353622907977966e-02
2.469999999999999929e+01,5.891000000000000000e+03,4.166767525051969278e+04,1.280477589665636742e+03,3.073071828382521048e-02
2.479999999999999716e+01,6.038000000000000000e+03,4.166700601413421828e+04,1.280341472680651577e+03,3.072794508552728968e-02
2.489999999999999858e+01,6.176000000000000000e+03,4.166630400974843360e+04,1.277717491351716262e+03,3.066548669766283597e-02
2.499999999999999645e+01,6.320000000000000000e+03,4.166565706916305498e+04,1.274442339048210442e+03,3.058735727922628003e-02
2.509999999999999787e+01,6.456000000000000000e+03,4.166507981625820685e+04,1.272828227721422763e+03,3.054904090750715923e-02
2.519999999999999929e+01,6.620000000000000000e+03,4.166468052120653010e+04,1.281272840775282248e+03,3.075201404996106419e-02
2.529999999999999716e+01,6.765000000000000000e+03,4.166460295091932494e+04,1.300524228324134810e+03,3.121412748985380459e-02
2.539999999999999858e+01,6.928000000000000000e+03,4.166488645105257456e+04,1.313321465387895614e+03,3.152106191218762704e-02
2.549999999999999645e+01,7.083000000000000000e+03,4.166562797100491298e+04,1.312568960498711022e+03,3.150244036672451148e-02
2.559999999999999787e+01,7.255000000000000000e+03,4.166657370260458993e+04,1.307254453584117073e+03,3.137417688612107597e-02
2.569999999999999929e+01,7.432000000000000000e+03,4.166733011440600967e+04,1.312508126510823786e+03,3.149969347464955105e-02
2.579999999999999716e+01,7.591000000000000000e+03,4.166728850606323249e+04,1.318184883141100499e+03,3.163596505564033462e-02
2.589999999999999858e+01,7.781000000000000000e+03,4.166632593545347481e+04,1.307363739843734493e+03,3.137698634309658147e-02
2.599999999999999645e+01,7.958000000000000000e+03,4.166517551918263780e+04,1.287596450926052512e+03,3.090342077962070222e-02
2.609999999999999787e+01,8.134000000000000000e+03,4.166471816585082706e+04,1.281415552937361554e+03,3.075541151716306223e-02
2.619999999999999929e+01,8.323000000000000000e+03,4.166517270292411558e+04,1.292954679993879608e+03,3.103202497713728261e-02
2.629999999999999716e+01,8.520000000000000000e+03,4.166590694476302451e+04,1.299711462812077343e+03,3.119364387135794073e-02
2.639999999999999858e+01,8.714000000000000000e+03,4.166633689231721655e+04,1.291059278844629034e+03,3.098566793095471755e-02
2.649999999999999645e+01,8.907000000000000000e+03,4.166632549039925652e+04,1.272588824151669542e+03,3.054238186770031130e-02
2.659999999999999787e+01,9.134000000000000000e+03,4.166622857674347324e+04,1.257939471905342089e+03,3.019086475725515223e-02
2.669999999999999929e+01,9.345000000000000000e+03,4.166652451630127325e+04,1.257458698441652132e+03,3.017911172192185715e-02
2.679999999999999716e+01,9.557000000000000000e+03,4.166726799167077843e+04,1.265805485935906063e+03,3.037889324034728084e-02
2.689999999999999858e+01,9.790000000000000000e+03,4.166804235986342246e+04,1.270581069554842543e+03,3.049293889503013402e-02
2.699999999999999645e+01,1.000800000000000000e+04,4.166849695298981533e+04,1.271647957863275224e+03,3.051821041920331143e-02
2.709999999999999787e+01,1.024900000000000000e+04,4.166887320418075979e+04,1.284293265290569025e+03,3.082140616083931320e-02
2.719999999999999929e+01,1.047800000000000000e+04,4.167023844867609296e+04,1.335890822619027404e+03,3.205863158821137260e-02
2.729999999999999716e+01,1.072500000000000000e+04,4.167280710122183518e+04,1.417980619708452878e+03,3.402652037008752767e-02
2.739999999999999858e+01,1.096100000000000000e+04,4.167490437954230583e+04,1.475330485298308076e+03,3.540093270190031866e-02
2.749999999999999645e+01,1.123500000000000000e+04,4.167463133002696850e+04,1.466181378826930768e+03,3.518162805607192439e-02
2.759999999999999787e+01,1.149300000000000000e+04,4.167236989916705352e+04,1.409704979839926409e+03,3.382828918179917738e-02
2.769999999999999929e+01,1.176800000000000000e+04,4.167023442634730600e+04,1.364059310738703516e+03,3.273462051550721230e-02
2.779999999999999716e+01,1.202900000000000000e+04,4.166919723504014837e+04,1.350504990768993594e+03,3.241015139195763117e-02
2.789999999999999858e+01,1.231200000000000000e+04,4.166879593139662029e+04,1.345955709748873232e+03,3.230128636221816368e-02
2.799999999999999645e+01,1.259300000000000000e+04,4.166853285070182756e+04,1.337015772796051806e+03,3.208694142379751174e-02
2.809999999999999787e+01,1.288900000000000000e+04,4.166811360458505078e+04,1.327430775802103881e+03,3.185723232875214278e-02
2.819999999999999929e+01,1.317600000000000000e+04,4.166741706908385095e+04,1.322943080679456671e+03,3.175006212854614845e-02
2.829999999999999716e+01,1.349400000000000000e+04,4.166707428940583486e+04,1.335176584660474418e+03,3.204392454787623884e-02
2.839999999999999858e+01,1.383300000000000000e+04,4.166766545644327562e+04,1.363985770455049988e+03,3.273487380474612851e-02
2.849999999999999645e+01,1.413100000000000000e+04,4.166906967223960237e+04,1.396562875083945301e+03,3.351557608722786213e-02
2.859999999999999787e+01,1.448300000000000000e+04,4.167078707548524835e+04,1.428441700167861427e+03,3.427921093931551172e-02
2.869999999999999929e+01,1.480200000000000000e+04,4.167237703431369300e+04,1.463164632970472212e+03,3.511113925096423505e-02
2.879999999999999716e+01,1.514800000000000000e+04,4.167375786499716924e+04,1.504636680686067621e+03,3.610513564820247434e-02
2.889999999999999858e+01,1.552300000000000000e+04,4.167430351212505047e+04,1.530431761477753980e+03,3.672363141071999237e-02
2.899999999999999645e+01,1.585300000000000000e+04,4.167370778060732846e+04,1.520002928751136551e+03,3.647390668363958283e-02
2.909999999999999787e+01,1.624100000000000000e+04,4.167315957301112940e+04,1.497649732493885040e+03,3.593799337124922028e-02
2.919999999999999929e+01,1.660700000000000000e+04,4.166295141111414705e+04,1.497167561363620280e+03,3.593522567784842442e-02
2.929999999999999716e+01,1.700100000000000000e+04,4.152127353653946193e+04,1.516170395544657595e+03,3.651550798918536817e-02
2.939999999999999858e+01,1.738400000000000000e+04,4.080478428833719227e+04,1.506474414489054197e+03,3.691906330992746066e-02
2.949999999999999645e+01,1.777100000000000000e+04,3.874501591515292967e+04,1.415399850010213868e+03,3.653114643467367945e-02
